"","word","count","sentiment","n"
"1","abomination",1,"negative",1
"2","absence",1,"negative",1
"3","absurd",2,"negative",1
"4","abusive",1,"negative",1
"5","abyss",2,"negative",1
"6","accomplish",2,"positive",1
"7","accomplished",1,"positive",1
"8","accusations",1,"negative",1
"9","accuses",1,"negative",1
"10","accusing",1,"negative",1
"11","addicts",1,"negative",1
"12","admire",1,"positive",1
"13","advanced",2,"positive",1
"14","advantage",2,"positive",1
"15","affinity",1,"positive",1
"16","afraid",5,"negative",1
"17","aggression",1,"negative",1
"18","agony",1,"negative",1
"19","alarming",1,"negative",1
"20","amazed",1,"positive",1
"21","amazes",1,"positive",1
"22","amazing",3,"positive",1
"23","amusing",1,"positive",1
"24","anarchy",4,"negative",1
"25","anger",4,"negative",1
"26","angry",6,"negative",1
"27","antiquated",1,"negative",1
"28","apocalypse",2,"negative",1
"29","apocalyptic",1,"negative",1
"30","appalled",1,"negative",1
"31","appeal",1,"positive",1
"32","applaud",1,"positive",1
"33","appropriate",4,"positive",1
"34","arrogance",5,"negative",1
"35","arrogant",2,"negative",1
"36","ashamed",2,"negative",1
"37","assault",1,"negative",1
"38","assure",1,"positive",1
"39","astonishing",1,"positive",1
"40","astonishingly",1,"positive",1
"41","atrocities",1,"negative",1
"42","attack",11,"negative",1
"43","attacks",2,"negative",1
"44","attraction",1,"positive",1
"45","authoritarian",1,"negative",1
"46","autocratic",1,"negative",1
"47","autonomous",1,"positive",1
"48","awesome",4,"positive",1
"49","awful",1,"negative",1
"50","backbone",1,"positive",1
"51","bad",24,"negative",1
"52","balanced",1,"positive",1
"53","bankrupt",6,"negative",1
"54","barbarian",7,"negative",1
"55","barbaric",3,"negative",1
"56","bash",1,"negative",1
"57","bashing",1,"negative",1
"58","beautiful",9,"positive",1
"59","begging",1,"negative",1
"60","beloved",2,"positive",1
"61","bemused",1,"negative",1
"62","beneficial",1,"positive",1
"63","bent",2,"negative",1
"64","best",29,"positive",1
"65","betrayal",1,"negative",1
"66","better",39,"positive",1
"67","beware",3,"negative",1
"68","biased",2,"negative",1
"69","bigotry",3,"negative",1
"70","bitch",4,"negative",1
"71","bitter",1,"negative",1
"72","blame",8,"negative",1
"73","bless",7,"positive",1
"74","blessing",1,"positive",1
"75","blind",6,"negative",1
"76","bloated",2,"negative",1
"77","bloody",4,"negative",1
"78","bolster",1,"positive",1
"79","bomb",3,"negative",1
"80","bondage",2,"negative",1
"81","bonus",1,"positive",1
"82","boom",1,"positive",1
"83","boring",1,"negative",1
"84","brainwash",1,"negative",1
"85","brave",3,"positive",1
"86","break",8,"negative",1
"87","breakdown",4,"negative",1
"88","breaking",8,"negative",1
"89","breaks",3,"negative",1
"90","breakup",1,"negative",1
"91","breathtaking",1,"positive",1
"92","bright",1,"positive",1
"93","brighter",1,"positive",1
"94","brilliant",7,"positive",1
"95","broke",9,"negative",1
"96","broken",2,"negative",1
"97","brutal",1,"negative",1
"98","brutality",2,"negative",1
"99","brutally",1,"negative",1
"100","brute",1,"negative",1
"101","bs",1,"negative",1
"102","bug",2,"negative",1
"103","bullies",2,"negative",1
"104","bullshit",1,"negative",1
"105","bully",3,"negative",1
"106","bump",1,"negative",1
"107","bumped",1,"negative",1
"108","burn",11,"negative",1
"109","burned",8,"negative",1
"110","burning",4,"negative",1
"111","burns",3,"negative",1
"112","bust",1,"negative",1
"113","butcher",1,"negative",1
"114","byzantine",3,"negative",1
"115","calm",1,"positive",1
"116","cancer",1,"negative",1
"117","carelessness",1,"negative",1
"118","catchy",1,"positive",1
"119","celebrate",1,"positive",1
"120","celebrated",2,"positive",1
"121","celebration",1,"positive",1
"122","champ",5,"positive",1
"123","champion",8,"positive",1
"124","chaos",5,"negative",1
"125","chaotic",1,"negative",1
"126","charitable",1,"positive",1
"127","charm",1,"positive",1
"128","cheap",1,"negative",1
"129","cheaper",1,"positive",1
"130","cheats",1,"negative",1
"131","civility",1,"positive",1
"132","clash",1,"negative",1
"133","classic",2,"positive",1
"134","classy",1,"positive",1
"135","clean",1,"positive",1
"136","clear",7,"positive",1
"137","clearly",4,"positive",1
"138","clever",1,"positive",1
"139","cleverly",1,"positive",1
"140","clueless",3,"negative",1
"141","coherent",1,"positive",1
"142","collapse",88,"negative",1
"143","comforting",1,"positive",1
"144","commend",1,"positive",1
"145","commitment",1,"positive",1
"146","commonplace",1,"negative",1
"147","complacent",1,"negative",1
"148","complain",2,"negative",1
"149","complained",1,"negative",1
"150","complains",1,"negative",1
"151","complicated",1,"negative",1
"152","compliment",1,"positive",1
"153","comprehensive",1,"positive",1
"154","conceded",1,"negative",1
"155","concern",2,"negative",1
"156","concerned",3,"negative",1
"157","concerns",1,"negative",1
"158","condemn",2,"negative",1
"159","condemned",1,"negative",1
"160","conflict",3,"negative",1
"161","conflicts",2,"negative",1
"162","confused",1,"negative",1
"163","confuses",2,"negative",1
"164","confusion",1,"negative",1
"165","congratulations",1,"positive",1
"166","conservative",1,"negative",1
"167","conspiracy",1,"negative",1
"168","contamination",1,"negative",1
"169","contempt",1,"negative",1
"170","controversial",1,"negative",1
"171","convincing",1,"positive",1
"172","cool",3,"positive",1
"173","correct",3,"positive",1
"174","corrupt",22,"negative",1
"175","corrupted",4,"negative",1
"176","corruption",24,"negative",1
"177","costly",1,"negative",1
"178","crack",3,"negative",1
"179","cracked",1,"negative",1
"180","crap",4,"negative",1
"181","crash",5,"negative",1
"182","crashed",1,"negative",1
"183","crashes",4,"negative",1
"184","crass",2,"negative",1
"185","crazy",12,"negative",1
"186","creeping",1,"negative",1
"187","creepy",2,"negative",1
"188","crime",3,"negative",1
"189","criminal",3,"negative",1
"190","crisis",5,"negative",1
"191","critics",1,"negative",1
"192","crook",1,"negative",1
"193","crooks",2,"negative",1
"194","cruel",1,"negative",1
"195","cruelty",1,"negative",1
"196","crumble",11,"negative",1
"197","crumbling",23,"negative",1
"198","crush",1,"negative",1
"199","crushing",1,"negative",1
"200","cry",2,"negative",1
"201","cunt",2,"negative",1
"202","cunts",2,"negative",1
"203","cure",2,"positive",1
"204","cursed",2,"negative",1
"205","cute",1,"positive",1
"206","damage",2,"negative",1
"207","damn",7,"negative",1
"208","danger",3,"negative",1
"209","dangerous",3,"negative",1
"210","dark",13,"negative",1
"211","darkness",2,"negative",1
"212","dawn",2,"positive",1
"213","dead",15,"negative",1
"214","deadbeat",1,"negative",1
"215","deaf",2,"negative",1
"216","death",11,"negative",1
"217","debauchery",2,"negative",1
"218","debt",21,"negative",1
"219","debts",3,"negative",1
"220","decadence",10,"negative",1
"221","decadent",6,"negative",1
"222","decay",13,"negative",1
"223","deceit",2,"negative",1
"224","deceitful",1,"negative",1
"225","deceive",1,"negative",1
"226","decent",2,"positive",1
"227","deception",1,"negative",1
"228","decline",161,"negative",1
"229","declines",2,"negative",1
"230","declining",6,"negative",1
"231","defeat",6,"positive",1
"232","defeated",5,"positive",1
"233","defeats",1,"positive",1
"234","defective",1,"negative",1
"235","defensive",1,"negative",1
"236","degenerate",1,"negative",1
"237","degradation",1,"negative",1
"238","delusion",1,"negative",1
"239","delusions",1,"negative",1
"240","demise",19,"negative",1
"241","demon",2,"negative",1
"242","demonic",1,"negative",1
"243","deny",1,"negative",1
"244","deplorable",1,"negative",1
"245","depraved",3,"negative",1
"246","depressed",2,"negative",1
"247","depression",2,"negative",1
"248","desert",3,"negative",1
"249","desolation",1,"negative",1
"250","desperate",5,"negative",1
"251","desperately",1,"negative",1
"252","despised",1,"negative",1
"253","despot",1,"negative",1
"254","despotism",1,"negative",1
"255","destroy",22,"negative",1
"256","destroyer",1,"negative",1
"257","destruction",11,"negative",1
"258","destructive",1,"negative",1
"259","detest",1,"negative",1
"260","devil",3,"negative",1
"261","devoid",1,"negative",1
"262","dictator",9,"negative",1
"263","die",7,"negative",1
"264","died",5,"negative",1
"265","dies",6,"negative",1
"266","dignified",1,"positive",1
"267","dirty",1,"negative",1
"268","disagree",6,"negative",1
"269","disappointing",2,"negative",1
"270","disarray",2,"negative",1
"271","disaster",2,"negative",1
"272","disbelief",1,"negative",1
"273","discord",4,"negative",1
"274","discourage",1,"negative",1
"275","disgrace",4,"negative",1
"276","disgraceful",1,"negative",1
"277","disgust",1,"negative",1
"278","disgusting",3,"negative",1
"279","disintegration",2,"negative",1
"280","disorder",1,"negative",1
"281","disrupt",1,"negative",1
"282","disruption",1,"negative",1
"283","dissent",1,"negative",1
"284","dissidents",1,"negative",1
"285","dissolution",1,"negative",1
"286","distract",3,"negative",1
"287","distraction",1,"negative",1
"288","distrust",1,"negative",1
"289","disturbing",3,"negative",1
"290","divine",1,"positive",1
"291","dominate",1,"positive",1
"292","dominated",1,"positive",1
"293","doom",7,"negative",1
"294","doomed",19,"negative",1
"295","dope",1,"negative",1
"296","doubt",2,"negative",1
"297","doubts",2,"negative",1
"298","downfall",29,"negative",1
"299","downgrade",1,"negative",1
"300","downhill",2,"negative",1
"301","downsides",1,"negative",1
"302","draconian",1,"negative",1
"303","drag",1,"negative",1
"304","dragged",1,"negative",1
"305","drain",6,"negative",1
"306","drones",9,"negative",1
"307","drunk",2,"negative",1
"308","drunken",1,"negative",1
"309","dumb",2,"negative",1
"310","dump",2,"negative",1
"311","dumping",1,"negative",1
"312","dust",1,"negative",1
"313","dwindling",2,"negative",1
"314","dying",7,"negative",1
"315","dynamic",1,"positive",1
"316","eager",3,"positive",1
"317","easier",1,"positive",1
"318","easy",4,"positive",1
"319","educated",3,"positive",1
"320","effective",7,"positive",1
"321","effectively",1,"positive",1
"322","effectiveness",2,"positive",1
"323","efficient",1,"positive",1
"324","elite",6,"positive",1
"325","embarrass",1,"negative",1
"326","embarrassing",1,"negative",1
"327","eminent",1,"positive",1
"328","endorsed",2,"positive",1
"329","endorsement",1,"positive",1
"330","endorsing",2,"positive",1
"331","enemies",3,"negative",1
"332","enemy",9,"negative",1
"333","enjoy",5,"positive",1
"334","enjoyed",1,"positive",1
"335","enjoying",1,"positive",1
"336","enlightenment",1,"positive",1
"337","enough",13,"positive",1
"338","enthusiast",2,"positive",1
"339","envious",1,"negative",1
"340","envious",1,"positive",1
"341","envy",1,"positive",1
"342","epidemic",1,"negative",1
"343","equitable",3,"positive",1
"344","erase",1,"negative",1
"345","erosion",1,"negative",1
"346","eruptions",1,"negative",1
"347","ethical",1,"positive",1
"348","evenly",1,"positive",1
"349","evil",20,"negative",1
"350","exceed",1,"positive",1
"351","exceeded",1,"positive",1
"352","exceeding",1,"positive",1
"353","excellent",3,"positive",1
"354","exceptional",1,"positive",1
"355","excessive",1,"negative",1
"356","excited",1,"positive",1
"357","excuse",2,"negative",1
"358","expensive",3,"negative",1
"359","expired",1,"negative",1
"360","extraordinary",1,"positive",1
"361","fabulous",1,"positive",1
"362","fail",25,"negative",1
"363","failed",40,"negative",1
"364","failing",5,"negative",1
"365","fails",3,"negative",1
"366","failure",9,"negative",1
"367","failures",2,"negative",1
"368","fair",7,"positive",1
"369","faith",4,"positive",1
"370","faithful",1,"positive",1
"371","fake",4,"negative",1
"372","fall",694,"negative",1
"373","fallacy",2,"negative",1
"374","fallen",11,"negative",1
"375","falling",37,"negative",1
"376","falls",18,"negative",1
"377","false",3,"negative",1
"378","falsehood",1,"negative",1
"379","falter",1,"negative",1
"380","fame",1,"positive",1
"381","famous",8,"positive",1
"382","fans",2,"positive",1
"383","fantastic",3,"positive",1
"384","farce",2,"negative",1
"385","fascinating",4,"positive",1
"386","fascination",1,"positive",1
"387","fascism",6,"negative",1
"388","fascist",6,"negative",1
"389","fast",6,"positive",1
"390","faster",12,"positive",1
"391","fat",2,"negative",1
"392","fatal",2,"negative",1
"393","fatalistic",1,"negative",1
"394","fault",3,"negative",1
"395","faulty",1,"negative",1
"396","fav",1,"positive",1
"397","favor",1,"positive",1
"398","favorite",3,"positive",1
"399","favour",2,"positive",1
"400","fear",12,"negative",1
"401","fears",1,"negative",1
"402","fell",138,"negative",1
"403","fever",1,"negative",1
"404","filthy",1,"negative",1
"405","fine",9,"positive",1
"406","flawed",1,"negative",1
"407","fleeing",3,"negative",1
"408","fleeting",1,"negative",1
"409","flickering",1,"negative",1
"410","foe",1,"negative",1
"411","fooled",2,"negative",1
"412","foolish",2,"negative",1
"413","formidable",1,"positive",1
"414","fraud",1,"negative",1
"415","fraudulent",1,"negative",1
"416","free",19,"positive",1
"417","freed",1,"positive",1
"418","freedom",7,"positive",1
"419","freedoms",2,"positive",1
"420","fret",1,"negative",1
"421","fried",2,"negative",1
"422","frightening",2,"negative",1
"423","froze",1,"negative",1
"424","frozen",1,"negative",1
"425","fuck",13,"negative",1
"426","fucking",10,"negative",1
"427","fumes",1,"negative",1
"428","fun",11,"positive",1
"429","funny",8,"negative",1
"430","furious",1,"negative",1
"431","futile",1,"negative",1
"432","futility",1,"negative",1
"433","gain",1,"positive",1
"434","gains",1,"positive",1
"435","gasp",1,"negative",1
"436","gems",2,"positive",1
"437","genocide",4,"negative",1
"438","ghastly",1,"negative",1
"439","glad",5,"positive",1
"440","glorify",1,"positive",1
"441","glorious",2,"positive",1
"442","glory",7,"positive",1
"443","gold",9,"positive",1
"444","golden",3,"positive",1
"445","good",71,"positive",1
"446","gossip",1,"negative",1
"447","grand",3,"positive",1
"448","grandeur",1,"positive",1
"449","great",260,"positive",1
"450","greatest",20,"positive",1
"451","greatness",4,"positive",1
"452","greed",19,"negative",1
"453","greedy",4,"negative",1
"454","grief",1,"negative",1
"455","grossly",1,"negative",1
"456","guarantee",1,"positive",1
"457","guilty",1,"negative",1
"458","hail",7,"positive",1
"459","hallmark",1,"positive",1
"460","hang",2,"negative",1
"461","hangs",2,"negative",1
"462","happy",8,"positive",1
"463","hard",20,"negative",1
"464","hardball",1,"negative",1
"465","hate",7,"negative",1
"466","hated",2,"negative",1
"467","hates",3,"negative",1
"468","hating",1,"negative",1
"469","hazy",1,"negative",1
"470","headaches",1,"negative",1
"471","heal",3,"positive",1
"472","healthy",1,"positive",1
"473","heaven",1,"positive",1
"474","hegemony",4,"negative",1
"475","hell",18,"negative",1
"476","helped",7,"positive",1
"477","helping",3,"positive",1
"478","hero",2,"positive",1
"479","hideous",1,"negative",1
"480","hilarious",1,"positive",1
"481","hoax",2,"negative",1
"482","holy",168,"positive",1
"483","homage",1,"positive",1
"484","honest",3,"positive",1
"485","honor",2,"positive",1
"486","hooray",1,"positive",1
"487","hopelessly",1,"negative",1
"488","horrible",3,"negative",1
"489","hubris",2,"negative",1
"490","hug",1,"positive",1
"491","humor",1,"positive",1
"492","humorous",1,"positive",1
"493","hurt",2,"negative",1
"494","hurts",1,"negative",1
"495","hype",1,"negative",1
"496","hypocrisy",2,"negative",1
"497","hypocrites",1,"negative",1
"498","hypocritical",2,"negative",1
"499","hysteria",1,"negative",1
"500","ideal",2,"positive",1
"501","idiocy",1,"negative",1
"502","idiot",4,"negative",1
"503","idiotic",2,"negative",1
"504","idiots",5,"negative",1
"505","ignorance",4,"negative",1
"506","ignorant",9,"negative",1
"507","ignore",6,"negative",1
"508","illegal",10,"negative",1
"509","illegally",3,"negative",1
"510","illiterate",1,"negative",1
"511","illness",1,"negative",1
"512","illuminate",1,"positive",1
"513","illuminati",3,"positive",1
"514","illusions",1,"negative",1
"515","immense",1,"positive",1
"516","immoral",1,"negative",1
"517","immorality",5,"negative",1
"518","impaired",1,"negative",1
"519","impassioned",1,"positive",1
"520","impeach",6,"negative",1
"521","imperialist",3,"negative",1
"522","implode",3,"negative",1
"523","important",4,"positive",1
"524","impossible",2,"negative",1
"525","impress",1,"positive",1
"526","impressed",1,"positive",1
"527","impressive",3,"positive",1
"528","imprison",2,"negative",1
"529","improvements",1,"positive",1
"530","inability",1,"negative",1
"531","inadequate",1,"negative",1
"532","incompetence",1,"negative",1
"533","incompetent",2,"negative",1
"534","incomprehensible",1,"negative",1
"535","incorrect",1,"negative",1
"536","incredible",2,"positive",1
"537","ineffectual",1,"negative",1
"538","inefficient",1,"negative",1
"539","inept",1,"negative",1
"540","inequality",18,"negative",1
"541","inevitable",3,"negative",1
"542","inevitably",2,"negative",1
"543","inferior",1,"negative",1
"544","ingenuity",1,"positive",1
"545","innovation",1,"positive",1
"546","insane",4,"negative",1
"547","insanity",3,"negative",1
"548","insecurity",1,"negative",1
"549","insightful",2,"positive",1
"550","insignificance",1,"negative",1
"551","insinuation",1,"negative",1
"552","inspiration",1,"positive",1
"553","inspire",1,"positive",1
"554","instability",1,"negative",1
"555","instrumental",1,"positive",1
"556","insults",1,"negative",1
"557","intelligence",2,"positive",1
"558","intelligent",3,"positive",1
"559","interesting",22,"positive",1
"560","interests",2,"positive",1
"561","intimidate",1,"negative",1
"562","intimidation",1,"negative",1
"563","intolerable",1,"negative",1
"564","invader",1,"negative",1
"565","invisible",1,"negative",1
"566","ironic",5,"negative",1
"567","ironically",2,"negative",1
"568","irony",3,"negative",1
"569","irrational",1,"negative",1
"570","irreparable",1,"negative",1
"571","isolated",1,"negative",1
"572","isolation",1,"negative",1
"573","issue",3,"negative",1
"574","issues",8,"negative",1
"575","jealous",1,"negative",1
"576","jeers",1,"negative",1
"577","jeopardy",1,"negative",1
"578","jobless",1,"negative",1
"579","joke",6,"negative",1
"580","joker",1,"negative",1
"581","jolly",1,"positive",1
"582","keen",1,"positive",1
"583","kill",11,"negative",1
"584","killed",11,"negative",1
"585","killer",2,"negative",1
"586","killing",9,"negative",1
"587","kills",5,"negative",1
"588","knock",2,"negative",1
"589","kudos",1,"positive",1
"590","lack",7,"negative",1
"591","lame",1,"negative",1
"592","laughable",1,"negative",1
"593","lavish",1,"positive",1
"594","lazy",7,"negative",1
"595","lead",44,"positive",1
"596","leading",20,"positive",1
"597","leads",3,"positive",1
"598","led",13,"positive",1
"599","legendary",2,"positive",1
"600","lethal",3,"negative",1
"601","liar",2,"negative",1
"602","liars",1,"negative",1
"603","liberation",1,"positive",1
"604","liberty",3,"positive",1
"605","lie",3,"negative",1
"606","lies",8,"negative",1
"607","like",627,"positive",1
"608","liked",10,"positive",1
"609","likes",2,"positive",1
"610","limit",1,"negative",1
"611","loathing",1,"negative",1
"612","lose",14,"negative",1
"613","loser",2,"negative",1
"614","losers",3,"negative",1
"615","loses",4,"negative",1
"616","losing",4,"negative",1
"617","loss",7,"negative",1
"618","lost",17,"negative",1
"619","loud",1,"negative",1
"620","love",40,"positive",1
"621","loved",1,"positive",1
"622","lovely",3,"positive",1
"623","lover",2,"positive",1
"624","loves",3,"positive",1
"625","loving",1,"positive",1
"626","loyal",1,"positive",1
"627","loyalty",1,"positive",1
"628","luck",5,"positive",1
"629","lucky",3,"positive",1
"630","lunatic",4,"negative",1
"631","luxury",1,"positive",1
"632","lying",2,"negative",1
"633","mad",4,"negative",1
"634","madness",2,"negative",1
"635","magic",1,"positive",1
"636","magnificence",1,"positive",1
"637","magnificent",1,"positive",1
"638","manipulation",1,"negative",1
"639","mar",1,"negative",1
"640","masterpiece",2,"positive",1
"641","masters",1,"positive",1
"642","mercy",2,"positive",1
"643","merry",1,"positive",1
"644","mess",1,"negative",1
"645","messed",1,"negative",1
"646","messy",1,"negative",1
"647","mighty",16,"positive",1
"648","mindless",1,"negative",1
"649","miracle",1,"positive",1
"650","miserable",1,"negative",1
"651","misery",2,"negative",1
"652","miss",4,"negative",1
"653","missed",2,"negative",1
"654","mistake",4,"negative",1
"655","mistakes",10,"negative",1
"656","mock",2,"negative",1
"657","mocking",1,"negative",1
"658","modern",77,"positive",1
"659","modest",1,"positive",1
"660","monumental",1,"positive",1
"661","morality",3,"positive",1
"662","moron",1,"negative",1
"663","moronic",3,"negative",1
"664","morons",1,"negative",1
"665","murder",3,"negative",1
"666","murderer",1,"negative",1
"667","murderous",1,"negative",1
"668","mystery",3,"negative",1
"669","myth",8,"negative",1
"670","nasty",2,"negative",1
"671","naughty",1,"negative",1
"672","neat",1,"positive",1
"673","neglect",1,"negative",1
"674","nemesis",2,"negative",1
"675","nervous",1,"negative",1
"676","nice",8,"positive",1
"677","nightmare",1,"negative",1
"678","noisy",1,"negative",1
"679","nonsense",3,"negative",1
"680","obese",1,"negative",1
"681","obliterate",1,"negative",1
"682","obscene",1,"negative",1
"683","obsession",1,"positive",1
"684","odd",2,"negative",1
"685","oddly",1,"negative",1
"686","oppose",1,"negative",1
"687","opposition",3,"negative",1
"688","oppression",2,"negative",1
"689","oppressive",1,"negative",1
"690","opulent",1,"positive",1
"691","outcry",2,"negative",1
"692","outlaw",1,"negative",1
"693","outrage",3,"negative",1
"694","outsider",2,"negative",1
"695","overdue",1,"negative",1
"696","overrun",3,"negative",1
"697","overthrow",2,"negative",1
"698","pain",1,"negative",1
"699","paltry",1,"negative",1
"700","pandering",1,"negative",1
"701","panic",1,"negative",1
"702","paranoia",1,"negative",1
"703","parasite",1,"negative",1
"704","parody",1,"negative",1
"705","passive",1,"negative",1
"706","pathetic",2,"negative",1
"707","patriotic",2,"positive",1
"708","peace",18,"positive",1
"709","perfect",2,"positive",1
"710","perfection",1,"positive",1
"711","perfectly",1,"positive",1
"712","perish",2,"negative",1
"713","perverse",2,"negative",1
"714","perversion",2,"negative",1
"715","pervert",1,"negative",1
"716","perverted",1,"negative",1
"717","perverts",1,"negative",1
"718","phenomenal",1,"positive",1
"719","picket",1,"negative",1
"720","pig",1,"negative",1
"721","pigs",2,"negative",1
"722","pillage",1,"negative",1
"723","pity",2,"negative",1
"724","plague",2,"negative",1
"725","plea",1,"negative",1
"726","pleasure",2,"positive",1
"727","ploy",1,"negative",1
"728","plunder",4,"negative",1
"729","poignant",1,"positive",1
"730","poison",2,"negative",1
"731","poor",7,"negative",1
"732","popular",1,"positive",1
"733","positive",3,"positive",1
"734","poverty",1,"negative",1
"735","powerful",20,"positive",1
"736","powerless",3,"negative",1
"737","praise",1,"positive",1
"738","precisely",2,"positive",1
"739","prefer",2,"positive",1
"740","preferable",1,"positive",1
"741","pretend",2,"negative",1
"742","pretentious",1,"negative",1
"743","pretty",20,"positive",1
"744","pride",2,"positive",1
"745","primitive",1,"negative",1
"746","prison",4,"negative",1
"747","privilege",1,"positive",1
"748","problem",8,"negative",1
"749","problems",7,"negative",1
"750","progress",9,"positive",1
"751","progressive",4,"positive",1
"752","prolific",1,"positive",1
"753","prominent",1,"positive",1
"754","promise",4,"positive",1
"755","promised",2,"positive",1
"756","promises",7,"positive",1
"757","promising",2,"positive",1
"758","propaganda",3,"negative",1
"759","prosperity",2,"positive",1
"760","protect",12,"positive",1
"761","protection",3,"positive",1
"762","protest",1,"negative",1
"763","protesting",1,"negative",1
"764","proud",10,"positive",1
"765","proves",1,"positive",1
"766","punch",2,"negative",1
"767","punk",2,"negative",1
"768","puppet",3,"negative",1
"769","pure",1,"positive",1
"770","quicker",2,"positive",1
"771","rabid",1,"negative",1
"772","racism",8,"negative",1
"773","racist",8,"negative",1
"774","radical",1,"negative",1
"775","radically",1,"negative",1
"776","rampant",4,"negative",1
"777","rant",3,"negative",1
"778","ranted",1,"negative",1
"779","rants",1,"negative",1
"780","rape",8,"negative",1
"781","rapid",3,"positive",1
"782","rapture",1,"positive",1
"783","reactionary",1,"negative",1
"784","ready",15,"positive",1
"785","reasonable",1,"positive",1
"786","recession",1,"negative",1
"787","reckless",1,"negative",1
"788","recommended",1,"positive",1
"789","recover",1,"positive",1
"790","redeem",1,"positive",1
"791","reform",2,"positive",1
"792","reforming",1,"positive",1
"793","reforms",1,"positive",1
"794","refuse",2,"negative",1
"795","refused",1,"negative",1
"796","refuses",5,"negative",1
"797","refusing",2,"negative",1
"798","regard",1,"positive",1
"799","regress",1,"negative",1
"800","regressive",1,"negative",1
"801","rejects",2,"negative",1
"802","rejoicing",1,"positive",1
"803","remarkable",2,"positive",1
"804","remarkably",3,"positive",1
"805","renaissance",5,"positive",1
"806","renewed",1,"positive",1
"807","reputation",2,"positive",1
"808","resistance",4,"negative",1
"809","respect",3,"positive",1
"810","respectable",1,"positive",1
"811","restored",3,"positive",1
"812","resurgent",1,"negative",1
"813","retard",1,"negative",1
"814","revelation",4,"positive",1
"815","revenge",3,"negative",1
"816","revival",2,"positive",1
"817","revive",1,"positive",1
"818","revives",1,"positive",1
"819","revolt",1,"negative",1
"820","rhetoric",4,"negative",1
"821","rich",13,"positive",1
"822","richer",2,"positive",1
"823","ridiculous",1,"negative",1
"824","right",76,"positive",1
"825","righteousness",1,"positive",1
"826","rip",4,"negative",1
"827","risk",1,"negative",1
"828","rival",3,"negative",1
"829","rot",12,"negative",1
"830","rotten",3,"negative",1
"831","ruffle",1,"negative",1
"832","ruin",6,"negative",1
"833","ruined",4,"negative",1
"834","ruining",1,"negative",1
"835","ruins",2,"negative",1
"836","rumors",1,"negative",1
"837","rumours",2,"negative",1
"838","ruthless",2,"negative",1
"839","sabotage",1,"negative",1
"840","sad",23,"negative",1
"841","sadly",4,"negative",1
"842","safe",4,"positive",1
"843","saint",1,"positive",1
"844","satisfied",1,"positive",1
"845","savages",1,"negative",1
"846","savior",1,"positive",1
"847","savvy",1,"positive",1
"848","scandals",1,"negative",1
"849","scared",6,"negative",1
"850","scarier",1,"negative",1
"851","scary",18,"negative",1
"852","screwed",2,"negative",1
"853","secretive",1,"negative",1
"854","secure",3,"positive",1
"855","selfishness",2,"negative",1
"856","sensible",1,"positive",1
"857","setback",1,"negative",1
"858","shake",2,"negative",1
"859","sham",1,"negative",1
"860","shambles",1,"negative",1
"861","shame",7,"negative",1
"862","shameful",1,"negative",1
"863","sharp",1,"positive",1
"864","shit",16,"negative",1
"865","shock",3,"negative",1
"866","shocked",1,"negative",1
"867","shocking",4,"negative",1
"868","sick",8,"negative",1
"869","siege",2,"negative",1
"870","silent",3,"positive",1
"871","silly",2,"negative",1
"872","sin",2,"negative",1
"873","sincere",1,"positive",1
"874","sincerely",2,"positive",1
"875","sinful",1,"negative",1
"876","sink",3,"negative",1
"877","sinking",2,"negative",1
"878","skeptical",1,"negative",1
"879","skill",1,"positive",1
"880","slap",1,"negative",1
"881","slaughter",1,"negative",1
"882","slave",6,"negative",1
"883","slaves",11,"negative",1
"884","sleazy",1,"negative",1
"885","slow",1,"negative",1
"886","slowly",5,"negative",1
"887","slur",1,"negative",1
"888","smart",3,"positive",1
"889","smarter",1,"positive",1
"890","smartest",1,"positive",1
"891","smash",1,"negative",1
"892","smear",1,"negative",1
"893","smell",3,"negative",1
"894","smelling",1,"negative",1
"895","smile",1,"positive",1
"896","smoke",1,"negative",1
"897","snappy",1,"positive",1
"898","snobbish",1,"negative",1
"899","soft",3,"positive",1
"900","sophisticated",2,"positive",1
"901","sorely",1,"negative",1
"902","sorrow",1,"negative",1
"903","sorry",10,"negative",1
"904","spectacularly",1,"positive",1
"905","spiritual",3,"positive",1
"906","split",4,"negative",1
"907","splitting",1,"negative",1
"908","spoiled",1,"negative",1
"909","spoils",2,"negative",1
"910","spooky",1,"negative",1
"911","spurious",1,"negative",1
"912","stability",1,"positive",1
"913","stagnation",1,"negative",1
"914","stall",1,"negative",1
"915","steady",2,"positive",1
"916","steal",5,"negative",1
"917","stole",1,"negative",1
"918","stolen",1,"negative",1
"919","stooge",1,"negative",1
"920","strange",1,"negative",1
"921","stricken",1,"negative",1
"922","strictly",1,"negative",1
"923","strife",1,"negative",1
"924","strike",8,"negative",1
"925","striking",9,"positive",1
"926","strong",13,"positive",1
"927","stronger",7,"positive",1
"928","strongest",1,"positive",1
"929","struggling",2,"negative",1
"930","stuck",2,"negative",1
"931","stumbles",1,"negative",1
"932","stump",1,"negative",1
"933","stunning",3,"positive",1
"934","stunted",1,"negative",1
"935","stupid",14,"negative",1
"936","stupidity",5,"negative",1
"937","stupidly",1,"negative",1
"938","subjugate",1,"negative",1
"939","subversion",4,"negative",1
"940","subversive",1,"negative",1
"941","subvert",1,"negative",1
"942","succeed",4,"positive",1
"943","succeeded",2,"positive",1
"944","succeeding",1,"positive",1
"945","success",5,"positive",1
"946","successful",4,"positive",1
"947","successfully",1,"positive",1
"948","suck",4,"negative",1
"949","sucked",1,"negative",1
"950","sue",1,"negative",1
"951","suffer",5,"negative",1
"952","suffered",1,"negative",1
"953","suffering",1,"negative",1
"954","suffers",1,"negative",1
"955","suicidal",3,"negative",1
"956","suicide",4,"negative",1
"957","super",11,"positive",1
"958","superior",3,"positive",1
"959","support",10,"positive",1
"960","supported",4,"positive",1
"961","supporter",3,"positive",1
"962","supporting",2,"positive",1
"963","supports",2,"positive",1
"964","suppression",1,"negative",1
"965","supreme",4,"positive",1
"966","surpass",1,"positive",1
"967","survival",1,"positive",1
"968","sweaty",1,"negative",1
"969","sweet",1,"positive",1
"970","swift",1,"positive",1
"971","symptoms",1,"negative",1
"972","syndrome",1,"negative",1
"973","tacky",1,"negative",1
"974","tank",1,"negative",1
"975","tanks",2,"negative",1
"976","tense",1,"negative",1
"977","tension",1,"negative",1
"978","terrible",4,"negative",1
"979","terror",3,"negative",1
"980","terrorism",5,"negative",1
"981","thank",11,"positive",1
"982","threat",11,"negative",1
"983","threatening",3,"negative",1
"984","threats",1,"negative",1
"985","tired",1,"negative",1
"986","togetherness",1,"positive",1
"987","top",14,"positive",1
"988","topple",2,"negative",1
"989","torture",6,"negative",1
"990","tortured",1,"negative",1
"991","tragedy",2,"negative",1
"992","tragic",1,"negative",1
"993","tragically",1,"negative",1
"994","traitor",2,"negative",1
"995","trample",2,"negative",1
"996","trash",1,"negative",1
"997","trashed",1,"negative",1
"998","treachery",1,"negative",1
"999","treason",1,"negative",1
"1000","treasure",1,"positive",1
"1001","trick",2,"negative",1
"1002","trivial",1,"negative",1
"1003","trophy",1,"positive",1
"1004","trouble",6,"negative",1
"1005","troublesome",1,"negative",1
"1006","troubling",1,"negative",1
"1007","trump",3760,"positive",1
"1008","trumpet",2,"positive",1
"1009","trust",5,"positive",1
"1010","trusted",1,"positive",1
"1011","tumble",1,"negative",1
"1012","turmoil",1,"negative",1
"1013","tyranny",5,"negative",1
"1014","tyrant",4,"negative",1
"1015","ugh",2,"negative",1
"1016","ugly",1,"negative",1
"1017","unable",2,"negative",1
"1018","unacceptably",1,"negative",1
"1019","unassailable",1,"positive",1
"1020","unattractive",1,"negative",1
"1021","unbelievable",2,"negative",1
"1022","unbiased",1,"positive",1
"1023","uncomfortably",1,"negative",1
"1024","unconfirmed",1,"negative",1
"1025","unconstitutional",1,"negative",1
"1026","uncontrolled",1,"negative",1
"1027","underestimate",2,"negative",1
"1028","undermines",1,"negative",1
"1029","undermining",1,"negative",1
"1030","undisputed",1,"positive",1
"1031","unemployed",1,"negative",1
"1032","unequal",2,"negative",1
"1033","unfortunately",1,"negative",1
"1034","ungrateful",2,"negative",1
"1035","unhappy",1,"negative",1
"1036","uninformed",1,"negative",1
"1037","unity",1,"positive",1
"1038","unnecessary",1,"negative",1
"1039","unpredictable",1,"negative",1
"1040","unravel",1,"negative",1
"1041","unresponsive",1,"negative",1
"1042","unrest",1,"negative",1
"1043","unsecure",1,"negative",1
"1044","unskilled",1,"negative",1
"1045","unstable",1,"negative",1
"1046","unsustainable",2,"negative",1
"1047","uphold",1,"positive",1
"1048","uprising",1,"negative",1
"1049","upset",1,"negative",1
"1050","useful",1,"positive",1
"1051","useless",4,"negative",1
"1052","utterly",1,"negative",1
"1053","valuable",1,"positive",1
"1054","vanity",1,"negative",1
"1055","vice",1,"negative",1
"1056","victorious",1,"positive",1
"1057","victory",6,"positive",1
"1058","vile",2,"negative",1
"1059","violently",2,"negative",1
"1060","virtue",1,"positive",1
"1061","vivid",1,"positive",1
"1062","volatile",1,"negative",1
"1063","wane",1,"negative",1
"1064","waning",1,"negative",1
"1065","warmer",2,"positive",1
"1066","warned",1,"negative",1
"1067","warning",2,"negative",1
"1068","warp",1,"negative",1
"1069","waste",2,"negative",1
"1070","weak",6,"negative",1
"1071","weaken",3,"negative",1
"1072","weaker",1,"negative",1
"1073","weakness",1,"negative",1
"1074","wealthy",6,"positive",1
"1075","weed",1,"negative",1
"1076","weep",2,"negative",1
"1077","weird",7,"negative",1
"1078","weirdly",1,"negative",1
"1079","welcome",10,"positive",1
"1080","well",68,"positive",1
"1081","whore",2,"negative",1
"1082","wickedness",1,"negative",1
"1083","wild",7,"negative",1
"1084","willing",3,"positive",1
"1085","win",26,"positive",1
"1086","winner",4,"positive",1
"1087","winners",2,"positive",1
"1088","winning",3,"positive",1
"1089","wins",29,"positive",1
"1090","wise",4,"positive",1
"1091","won",11,"positive",1
"1092","wonder",37,"positive",1
"1093","wonderful",1,"positive",1
"1094","work",61,"positive",1
"1095","worked",25,"positive",1
"1096","works",2,"positive",1
"1097","worried",6,"negative",1
"1098","worries",1,"negative",1
"1099","worry",4,"negative",1
"1100","worrying",1,"negative",1
"1101","worse",23,"negative",1
"1102","worst",7,"negative",1
"1103","worth",7,"positive",1
"1104","worthless",2,"negative",1
"1105","wound",1,"negative",1
"1106","wow",14,"positive",1
"1107","wrath",1,"negative",1
"1108","wretchedness",1,"negative",1
"1109","wrong",13,"negative",1
"1110","wrought",1,"negative",1
"1111","yay",1,"positive",1
"1112","zombie",2,"negative",1
